Segment,Forecast Month 1,Forecast Month 2,Forecast Month 3,Growth
Furniture,18901.38,9077.85,19743.14,841.7599999999984
Technology,18403.53,19471.5,44133.7,25730.17
Office Supplies,17566.72,18426.12,20527.49,2960.7700000000004
West Region,20829.34,13743.99,28928.75,8099.41
East Region,13281.28,11977.43,15947.03,2665.75
